{"obj_gray_spec": [12, 255], "obj_occur_ratio": 0.3, "detect_roi": [[15, 1701], [1062, 1779], [1056, 60], [9, 174]], "obj_list": [{"obj_no": "1", "roi_pox": [[45, 411], [1044, 354], [1053, 120], [33, 168]], "area_spec": [60000, 200000], "width_spec": [850, 1080], "height_spec": [100, 300]}, {"obj_no": "2", "roi_pox": [[33, 624], [1011, 585], [1011, 414], [39, 465]], "area_spec": [60000, 200000], "width_spec": [850, 1080], "height_spec": [100, 300]}, {"obj_no": "3", "roi_pox": [[39, 885], [1020, 879], [1023, 663], [42, 690]], "area_spec": [60000, 200000], "width_spec": [750, 1080], "height_spec": [100, 300]}, {"obj_no": "4", "roi_pox": [[30, 1113], [1017, 1110], [1029, 912], [33, 924]], "area_spec": [60000, 200000], "width_spec": [800, 1080], "height_spec": [80, 300]}, {"obj_no": "5", "roi_pox": [[48, 1332], [999, 1362], [1017, 1158], [57, 1125]], "area_spec": [60000, 200000], "width_spec": [700, 1080], "height_spec": [100, 300]}, {"obj_no": "6", "roi_pox": [[69, 1530], [951, 1569], [999, 1380], [81, 1344]], "area_spec": [60000, 200000], "width_spec": [700, 1080], "height_spec": [100, 300]}, {"obj_no": "7", "roi_pox": [[99, 1710], [942, 1773], [963, 1587], [117, 1542]], "area_spec": [80000, 200000], "width_spec": [700, 1080], "height_spec": [100, 300]}], "detect_list": [{"type_name": "R", "golden_pattern": "D:/Aging/Output/20240520/162714_3MNGM01_AGS21-2_A_/1/IMG_003.jpeg", "HSV_LOWER": [169, 112, 172], "HSV_UPPER": [285, 255, 255], "Judge": "OK"}, {"type_name": "G", "golden_pattern": "D:/Aging/Output/20240520/162714_3MNGM01_AGS21-2_A_/1/IMG_006.jpeg", "HSV_LOWER": [30, 203, 170], "HSV_UPPER": [98, 255, 255], "Judge": "OK"}, {"type_name": "B", "golden_pattern": "D:/Aging/Output/20240520/162714_3MNGM01_AGS21-2_A_/1/IMG_010.jpeg", "HSV_LOWER": [97, 214, 196], "HSV_UPPER": [160, 255, 255], "Judge": "OK"}, {"type_name": "L255", "golden_pattern": "D:/Aging/Output/20240820/094224_3MNGM01_AGS21-4_B/Phone1/IMG_010.jpeg", "HSV_LOWER": [0, 0, 162], "HSV_UPPER": [320, 98, 255], "Judge": "OK"}]}