{"obj_gray_spec": [95, 255], "obj_occur_ratio": 0.3, "detect_roi": [[21, 1842], [1023, 1848], [1065, 516], [33, 504]], "obj_list": [{"obj_no": "1", "roi_pox": [[45, 672], [522, 678], [525, 507], [51, 501]], "area_spec": [20000, 45000], "width_spec": [300, 500], "height_spec": [70, 140]}, {"obj_no": "2", "roi_pox": [[573, 666], [1032, 678], [1020, 537], [576, 528]], "area_spec": [20000, 450000], "width_spec": [300, 600], "height_spec": [70, 150]}, {"obj_no": "3", "roi_pox": [[63, 1245], [540, 1236], [546, 1086], [102, 1089]], "area_spec": [35000, 60000], "width_spec": [250, 550], "height_spec": [75, 160]}, {"obj_no": "4", "roi_pox": [[588, 1245], [1035, 1263], [1008, 1098], [585, 1086]], "area_spec": [35000, 60000], "width_spec": [300, 600], "height_spec": [80, 160]}, {"obj_no": "5", "roi_pox": [[27, 1827], [504, 1821], [501, 1635], [66, 1632]], "area_spec": [40000, 65000], "width_spec": [200, 700], "height_spec": [100, 180]}, {"obj_no": "6", "roi_pox": [[534, 1821], [1005, 1833], [990, 1635], [543, 1629]], "area_spec": [45000, 75000], "width_spec": [300, 600], "height_spec": [130, 200]}], "detect_list": [{"type_name": "L255", "golden_pattern": "D:/Aging_AOI/dataset/Exposition/capA/IMG_021.jpeg", "HSV_LOWER": [0, 0, 124], "HSV_UPPER": [320, 144, 255], "Judge": "OK"}]}