{
    "status": "COMPLETED",
    "detail": {
        "Info": {
            "CassetteNo": "L99872",
            "Port": "1",
            "LotNo": "999-RULEHW71-169",
            "WaferNo": "3827-1650-3847-1075",
            "WaferIndex": 1
        },
        "JudgeStatus": {
            "InspectSpecName": "TestSpec",
            "ErrorMsg": "",
            "WaferInTime": "2025-08-05 11:30:08",
            "TactTime": 32297,
            "IsAfterGrinding": true,
            "IsInspectSuccessful": true
        },
        "ResultJudge": {
            "DiameterMeasure_Top": true,
            "NotchInspect_Top": true,
            "DefectInspect_Top": true,
            "NotchInspect_Btm": true,
            "DefectInspect_Btm": true,
            "EdgeMeasure": true,
            "EdgeMeasure_PP": true,
            "NotchMeasure": true,
            "Final": true
        },
        "DefectResult": {
            "DefectCountTop": 0,
            "DefectCountBtm": 0,
            "NotchDefectCountTop": 0,
            "NotchDefectCountBtm": 0,
            "Diameter": 300.20591655727742
        },
        "EdgeMeasureAvgResult": {
            "A1": 418.33834308562842,
            "A2": 410.53519374133094,
            "B1": 173.31604008986335,
            "B2": 179.39188647628623,
            "R1": 152.10829066872822,
            "R2": 124.62958308526079,
            "t": 857.79513027615326,
            "Ang1": 20.255921410797232,
            "Ang2": 22.904583048445161,
            "BC": 505.08720371000385,
            "C1": 117.75789102707459,
            "C2": 100.0246999002474
        },
        "EdgeMeasurePpResult": {
            "A1": 23.697333733090602,
            "A2": 26.2276163993522,
            "B1": 11.138514989539402,
            "B2": 11.78466300934474,
            "R1": 14.70562071737433,
            "R2": 10.026543303134034,
            "t": 3.5047676029904551,
            "Ang1": 0.60516091284047135,
            "Ang2": 0.842869775266017,
            "BC": 13.432548890828969,
            "C1": 13.061104766167446,
            "C2": 9.0105815971138981
        },
        "NotchMeasureResult": {
            "Vh": 1.125045,
            "Vw": 3.2841113022899693,
            "Vr": 1.1328521051988427,
            "AngV": 90.484980373599086,
            "P1": 2.1190586848591515,
            "P2": 3.1553700000000005,
            "Vr1": 1.0913213680293432,
            "Vr2": 1.0481064098065089
        },
        "DefectImages": [
            "D:\\AOI_Data\\AppWaferInspect\\ProcessResultData\\Defect_Image\\NG1.bmp",
            "D:\\AOI_Data\\AppWaferInspect\\ProcessResultData\\Defect_Image\\NG2.bmp",
            "D:\\AOI_Data\\AppWaferInspect\\ProcessResultData\\Defect_Image\\NG3.bmp",
            "D:\\AOI_Data\\AppWaferInspect\\ProcessResultData\\Defect_Image\\NG4.bmp"
        ]
    }
}