<?xml version="1.0" encoding="utf-8"?>
<PConfig xmlns:xsi="http://www.w3.org/2001/XMLSchema-instance" xmlns:xsd="http://www.w3.org/2001/XMLSchema">
  <ProductName>color</ProductName>
  <AiUnknownThreshold>95</AiUnknownThreshold>
  <AiModelPath>D:\kinsus_AOI\KinsusAutoAOI_ph2.2\KinsusAutoAOI\bin\Debug\py\AoiColorModel_ver3_5_2.onnx</AiModelPath>
  <DefectCodeTable>
    <ArrayOfString>
      <string>REPAIRABLE</string>
      <string>RS99</string>
    </ArrayOfString>
    <ArrayOfString>
      <string>NONREPAIR</string>
      <string>RS00</string>
    </ArrayOfString>
    <ArrayOfString>
      <string>CP00</string>
      <string>CP00</string>
    </ArrayOfString>
    <ArrayOfString>
      <string>CP03</string>
      <string>CP03</string>
    </ArrayOfString>
    <ArrayOfString>
      <string>CP06</string>
      <string>CP06</string>
    </ArrayOfString>
    <ArrayOfString>
      <string>CP08</string>
      <string>CP08</string>
    </ArrayOfString>
    <ArrayOfString>
      <string>CP09</string>
      <string>CP09</string>
    </ArrayOfString>
    <ArrayOfString>
      <string>DR02</string>
      <string>DR02</string>
    </ArrayOfString>
    <ArrayOfString>
      <string>IT03</string>
      <string>IT03</string>
    </ArrayOfString>
    <ArrayOfString>
      <string>IT08</string>
      <string>IT08</string>
    </ArrayOfString>
    <ArrayOfString>
      <string>IT09</string>
      <string>IT09</string>
    </ArrayOfString>
    <ArrayOfString>
      <string>PASSOTHER</string>
      <string>PASSOTHER</string>
    </ArrayOfString>
    <ArrayOfString>
      <string>UNIDENTIFIED</string>
      <string>UNIDENTIFIED</string>
    </ArrayOfString>
    <ArrayOfString>
      <string>UNKNOWN</string>
      <string>NONE</string>
    </ArrayOfString>
  </DefectCodeTable>
  <AreaCheckTable>
    <ArrayOfString>
      <string>CP00</string>
      <string>False</string>
    </ArrayOfString>
    <ArrayOfString>
      <string>CP03</string>
      <string>False</string>
    </ArrayOfString>
    <ArrayOfString>
      <string>CP06</string>
      <string>False</string>
    </ArrayOfString>
    <ArrayOfString>
      <string>CP08</string>
      <string>False</string>
    </ArrayOfString>
    <ArrayOfString>
      <string>CP09</string>
      <string>True</string>
    </ArrayOfString>
    <ArrayOfString>
      <string>DR02</string>
      <string>False</string>
    </ArrayOfString>
    <ArrayOfString>
      <string>IT03</string>
      <string>False</string>
    </ArrayOfString>
    <ArrayOfString>
      <string>IT08</string>
      <string>True</string>
    </ArrayOfString>
    <ArrayOfString>
      <string>IT09</string>
      <string>False</string>
    </ArrayOfString>
    <ArrayOfString>
      <string>PASSOTHER</string>
      <string>False</string>
    </ArrayOfString>
    <ArrayOfString>
      <string>UNIDENTIFIED</string>
      <string>False</string>
    </ArrayOfString>
    <ArrayOfString>
      <string>UNKNOWN</string>
      <string>False</string>
    </ArrayOfString>
  </AreaCheckTable>
  <DetailDefectCodeTable>
    <ArrayOfString>
      <string>CP00</string>
      <string>CP00</string>
    </ArrayOfString>
    <ArrayOfString>
      <string>CP03</string>
      <string>CP03</string>
    </ArrayOfString>
    <ArrayOfString>
      <string>CP06</string>
      <string>CP06</string>
    </ArrayOfString>
    <ArrayOfString>
      <string>CP08</string>
      <string>CP08</string>
    </ArrayOfString>
    <ArrayOfString>
      <string>CP09</string>
      <string>CP09</string>
    </ArrayOfString>
    <ArrayOfString>
      <string>DR02</string>
      <string>DR02</string>
    </ArrayOfString>
    <ArrayOfString>
      <string>IT03</string>
      <string>IT03</string>
    </ArrayOfString>
    <ArrayOfString>
      <string>IT07</string>
      <string>IT07</string>
    </ArrayOfString>
    <ArrayOfString>
      <string>IT08</string>
      <string>IT08</string>
    </ArrayOfString>
    <ArrayOfString>
      <string>IT09</string>
      <string>IT09</string>
    </ArrayOfString>
    <ArrayOfString>
      <string>PASSOTHER</string>
      <string>PASSOTHER</string>
    </ArrayOfString>
    <ArrayOfString>
      <string>UNIDENTIFIED</string>
      <string>UNIDENTIFIED</string>
    </ArrayOfString>
    <ArrayOfString>
      <string>UNKNOWN</string>
      <string>NONE</string>
    </ArrayOfString>
  </DetailDefectCodeTable>
  <AiLabelString>CP00,CP03,CP06,CP08,CP09,DR02,IT03,IT08,IT09,PASSOTHER,UNIDENTIFIED,UNKNOWN</AiLabelString>
  <AiDetailModelPath>D:\kinsus_AOI\KinsusAutoAOI_ph2.2\KinsusAutoAOI\bin\Debug\py\AoiColorModel_ver3_4_3.onnx</AiDetailModelPath>
  <AiDetailLabelString>CP00,CP03,CP06,CP08,CP09,DR02,IT03,IT07,IT08,IT09,PASSOTHER,UNIDENTIFIED,UNKNOWN</AiDetailLabelString>
  <UseDetailModel>false</UseDetailModel>
  <RegionSize>30</RegionSize>
  <DefectSize>600</DefectSize>
  <BypassStringList />
  <DefectRuleTable>
    <xs:schema id="NewDataSet" xmlns="" xmlns:xs="http://www.w3.org/2001/XMLSchema" xmlns:msdata="urn:schemas-microsoft-com:xml-msdata">
      <xs:element name="NewDataSet" msdata:IsDataSet="true" msdata:MainDataTable="RuleTable" msdata:UseCurrentLocale="true">
        <xs:complexType>
          <xs:choice minOccurs="0" maxOccurs="unbounded">
            <xs:element name="RuleTable">
              <xs:complexType>
                <xs:sequence>
                  <xs:element name="Type" type="xs:string" minOccurs="0" />
                  <xs:element name="Judge" type="xs:string" minOccurs="0" />
                  <xs:element name="AOI_Defect" type="xs:string" minOccurs="0" />
                  <xs:element name="AI_Result" type="xs:string" minOccurs="0" />
                  <xs:element name="NewResult" type="xs:string" minOccurs="0" />
                </xs:sequence>
              </xs:complexType>
            </xs:element>
          </xs:choice>
        </xs:complexType>
      </xs:element>
    </xs:schema>
    <diffgr:diffgram xmlns:msdata="urn:schemas-microsoft-com:xml-msdata" xmlns:diffgr="urn:schemas-microsoft-com:xml-diffgram-v1">
      <DocumentElement>
        <RuleTable diffgr:id="RuleTable1" msdata:rowOrder="0" diffgr:hasChanges="inserted">
          <Type>Retype</Type>
          <Judge>Unequal</Judge>
          <AOI_Defect>LaserDrill</AOI_Defect>
          <AI_Result>CP08</AI_Result>
          <NewResult>PASS</NewResult>
        </RuleTable>
        <RuleTable diffgr:id="RuleTable2" msdata:rowOrder="1" diffgr:hasChanges="inserted">
          <Type>Retype</Type>
          <Judge>Unequal</Judge>
          <AOI_Defect>PinHole</AOI_Defect>
          <AI_Result>CP08</AI_Result>
          <NewResult>PASS</NewResult>
        </RuleTable>
        <RuleTable diffgr:id="RuleTable3" msdata:rowOrder="2" diffgr:hasChanges="inserted">
          <Type>Retype</Type>
          <Judge>Unequal</Judge>
          <AOI_Defect>LaserDrill</AOI_Defect>
          <AI_Result>CP00</AI_Result>
          <NewResult>PASS</NewResult>
        </RuleTable>
        <RuleTable diffgr:id="RuleTable4" msdata:rowOrder="3" diffgr:hasChanges="inserted">
          <Type>Retype</Type>
          <Judge>Unequal</Judge>
          <AOI_Defect>PinHole</AOI_Defect>
          <AI_Result>CP00</AI_Result>
          <NewResult>PASS</NewResult>
        </RuleTable>
        <RuleTable diffgr:id="RuleTable5" msdata:rowOrder="4" diffgr:hasChanges="inserted">
          <Type>Retype</Type>
          <Judge>Unequal</Judge>
          <AOI_Defect>Protrusion</AOI_Defect>
          <AI_Result>DR02</AI_Result>
          <NewResult>SHORT</NewResult>
        </RuleTable>
      </DocumentElement>
    </diffgr:diffgram>
  </DefectRuleTable>
</PConfig>