MODE,filename,1st,2nd,3rd,4th,5th
,,,,,,
Gray  Mode,known.txt,Gray Image File Path,AI Result,( AreaCheck Result),( Pre-AreaCheck Result for NONE Defcectcode ),
,MDC.txt,Gray Image File Path,Human Judge Result,( AI Result for AI Accuracy ),( Pre-AreaCheck Result for Unknown Class),Cam Image File Path
,,,,,,
Color Mode,known.txt,Color Image File Path,AI Result,( AreaCheck Result ),,
,MDC.txt,Color Image File Path,Human Judge Result,( AI Result for AI Accuracy ),Cam Image File Path,Gray Image File Path
