{"obj_gray_spec": [3, 100], "obj_occur_ratio": 0.75, "detect_roi": [[144, 1842], [984, 1812], [1077, 111], [9, 54]], "obj_list": [{"obj_no": "1", "roi_pox": [[51, 258], [1065, 279], [1074, 99], [9, 51]], "area_spec": [80000, 200000], "width_spec": [850, 1080], "height_spec": [100, 250]}, {"obj_no": "7", "roi_pox": [[147, 1830], [960, 1785], [999, 1572], [132, 1656]], "area_spec": [80000, 200000], "width_spec": [850, 1080], "height_spec": [100, 250]}], "detect_list": [{"type_name": "R", "golden_pattern": "D:/Aging_AOI/dataset/123456_ABCDEFG/1/IMG_038.jpeg", "HSV_LOWER": [160, 179, 63], "HSV_UPPER": [293, 255, 255], "Judge": "OK"}, {"type_name": "G", "golden_pattern": "D:/Aging_AOI/dataset/123456_ABCDEFG/1/IMG_001.jpeg", "HSV_LOWER": [49, 147, 141], "HSV_UPPER": [104, 255, 255], "Judge": "OK"}, {"type_name": "B", "golden_pattern": "D:/Aging_AOI/dataset/123456_ABCDEFG/1/IMG_046.jpeg", "HSV_LOWER": [94, 139, 101], "HSV_UPPER": [168, 255, 255], "Judge": "OK"}, {"type_name": "L255", "golden_pattern": "D:/Aging_AOI/dataset/123456_ABCDEFG/1/IMG_008.jpeg", "HSV_LOWER": [0, 0, 139], "HSV_UPPER": [255, 102, 255], "Judge": "OK"}]}