
{
    "obj_gray_spec" : [70,200],
    "obj_occur_ratio" : 0.75,
    "detect_roi" : [[134, 430], [976, 447], [864, 1464], [161, 1300]],
    "obj_list":[{"obj_no":"1","roi_pox":[[257, 444], [600, 460], [576, 661], [238, 639]],"area_spec":[10000,100000],"width_spec":[0,600],"height_spec":[0,300]},
                {"obj_no":"2","roi_pox":[[576, 477], [940, 485], [924, 696], [545, 652]],"area_spec":[10000,100000],"width_spec":[0,600],"height_spec":[0,300]},
                {"obj_no":"3","roi_pox":[[282, 663], [581, 702], [551, 907], [238, 850]],"area_spec":[10000,100000],"width_spec":[0,600],"height_spec":[0,300]},
                {"obj_no":"4","roi_pox":[[551, 702], [918, 748], [874, 970], [512, 905]],"area_spec":[10000,100000],"width_spec":[0,600],"height_spec":[0,300]},
                {"obj_no":"5","roi_pox":[[263, 877], [551, 924], [521, 1124], [224, 1050]],"area_spec":[10000,100000],"width_spec":[0,600],"height_spec":[0,300]},
                {"obj_no":"6","roi_pox":[[545, 935], [864, 987], [822, 1198], [510, 1116]],"area_spec":[10000,100000],"width_spec":[0,600],"height_spec":[0,300]},
                {"obj_no":"7","roi_pox":[[271, 1053], [559, 1119], [523, 1319], [246, 1237]],"area_spec":[10000,100000],"width_spec":[0,600],"height_spec":[0,300]},
                {"obj_no":"8","roi_pox":[[548, 1119], [839, 1187], [800, 1407], [499, 1311]],"area_spec":[10000,100000],"width_spec":[0,600],"height_spec":[0,300]}],
                
    "detect_list":[{"type_name":"L0","HSV_LOWER":[100,50,40],"HSV_UPPER":[141,210,255],"Judge":"OK"},
                   {"type_name":"R","HSV_LOWER":[162,56,35],"HSV_UPPER":[192,255,255],"Judge":"NG"},
                   {"type_name":"G","HSV_LOWER":[35,75,80],"HSV_UPPER":[75,255,255],"Judge":"NG"},
                   {"type_name":"B","HSV_LOWER":[91,220,204],"HSV_UPPER":[145,255,255],"Judge":"NG"},
                   {"type_name":"L255","HSV_LOWER":[0,0,160],"HSV_UPPER":[255,40,255],"Judge":"OK"}]
                   
}