{"obj_gray_spec": [70, 200], "obj_occur_ratio": 0.75, "detect_roi": [[276, 1452], [930, 1632], [984, 891], [252, 849]], "obj_list": [{"obj_no": "9", "roi_pox": [[255, 1038], [633, 1077], [648, 855], [261, 855]], "area_spec": [10000, 100000], "width_spec": [0, 600], "height_spec": [0, 300]}, {"obj_no": "10", "roi_pox": [[570, 1080], [945, 1113], [963, 891], [603, 879]], "area_spec": [10000, 100000], "width_spec": [0, 600], "height_spec": [0, 300]}, {"obj_no": "13", "roi_pox": [[270, 1266], [603, 1317], [639, 1101], [303, 1065]], "area_spec": [10000, 100000], "width_spec": [0, 600], "height_spec": [0, 300]}, {"obj_no": "14", "roi_pox": [[582, 1326], [936, 1398], [957, 1143], [597, 1107]], "area_spec": [10000, 100000], "width_spec": [0, 600], "height_spec": [0, 300]}, {"obj_no": "17", "roi_pox": [[279, 1470], [606, 1527], [621, 1296], [270, 1245]], "area_spec": [10000, 100000], "width_spec": [0, 600], "height_spec": [0, 300]}, {"obj_no": "18", "roi_pox": [[561, 1530], [909, 1632], [939, 1365], [594, 1305]], "area_spec": [10000, 100000], "width_spec": [0, 600], "height_spec": [0, 300]}], "detect_list": [{"type_name": "L0", "HSV_LOWER": [100, 50, 40], "HSV_UPPER": [141, 210, 255], "Judge": "OK"}, {"type_name": "R", "HSV_LOWER": [162, 56, 35], "HSV_UPPER": [192, 255, 255], "Judge": "NG"}, {"type_name": "G", "HSV_LOWER": [35, 75, 80], "HSV_UPPER": [75, 255, 255], "Judge": "NG"}, {"type_name": "B", "HSV_LOWER": [91, 220, 204], "HSV_UPPER": [145, 255, 255], "Judge": "NG"}, {"type_name": "L255", "HSV_LOWER": [0, 0, 160], "HSV_UPPER": [255, 40, 255], "Judge": "OK"}]}