{"obj_gray_spec": [70, 200], "obj_occur_ratio": 0.75, "detect_roi": [[162, 1482], [828, 1608], [831, 1137], [177, 1041]], "obj_list": [{"obj_no": "22", "roi_pox": [[477, 1308], [798, 1404], [834, 1122], [522, 1113]], "area_spec": [10000, 100000], "width_spec": [0, 600], "height_spec": [0, 300]}, {"obj_no": "25", "roi_pox": [[234, 1425], [510, 1518], [531, 1287], [231, 1233]], "area_spec": [10000, 100000], "width_spec": [0, 600], "height_spec": [0, 300]}, {"obj_no": "26", "roi_pox": [[435, 1503], [792, 1596], [822, 1356], [519, 1302]], "area_spec": [10000, 100000], "width_spec": [0, 600], "height_spec": [0, 300]}, {"obj_no": "21", "roi_pox": [[204, 1260], [531, 1323], [549, 1098], [171, 1050]], "area_spec": [10000, 100000], "width_spec": [0, 600], "height_spec": [0, 300]}], "detect_list": [{"type_name": "L0", "HSV_LOWER": [100, 50, 40], "HSV_UPPER": [141, 210, 255], "Judge": "OK"}, {"type_name": "R", "HSV_LOWER": [162, 56, 35], "HSV_UPPER": [192, 255, 255], "Judge": "NG"}, {"type_name": "G", "HSV_LOWER": [35, 75, 80], "HSV_UPPER": [75, 255, 255], "Judge": "NG"}, {"type_name": "B", "HSV_LOWER": [91, 220, 204], "HSV_UPPER": [145, 255, 255], "Judge": "NG"}, {"type_name": "L255", "HSV_LOWER": [0, 0, 160], "HSV_UPPER": [255, 40, 255], "Judge": "OK"}]}