{"obj_gray_spec": [70, 200], "obj_occur_ratio": 0.75, "detect_roi": [[279, 1212], [909, 1143], [963, 498], [246, 453]], "obj_list": [{"obj_no": "3", "roi_pox": [[291, 714], [660, 717], [639, 501], [261, 492]], "area_spec": [10000, 100000], "width_spec": [0, 600], "height_spec": [0, 300]}, {"obj_no": "4", "roi_pox": [[636, 711], [957, 696], [948, 501], [597, 492]], "area_spec": [10000, 100000], "width_spec": [0, 600], "height_spec": [0, 300]}, {"obj_no": "7", "roi_pox": [[285, 972], [651, 954], [624, 735], [267, 738]], "area_spec": [10000, 100000], "width_spec": [0, 600], "height_spec": [0, 300]}, {"obj_no": "8", "roi_pox": [[627, 939], [960, 909], [927, 723], [594, 738]], "area_spec": [10000, 100000], "width_spec": [0, 600], "height_spec": [0, 300]}, {"obj_no": "11", "roi_pox": [[285, 1209], [609, 1164], [585, 969], [255, 993]], "area_spec": [10000, 100000], "width_spec": [0, 600], "height_spec": [0, 300]}, {"obj_no": "12", "roi_pox": [[591, 1173], [933, 1140], [912, 936], [561, 963]], "area_spec": [10000, 100000], "width_spec": [0, 600], "height_spec": [0, 300]}], "detect_list": [{"type_name": "L0", "HSV_LOWER": [100, 50, 40], "HSV_UPPER": [141, 210, 255], "Judge": "OK"}, {"type_name": "R", "HSV_LOWER": [162, 56, 35], "HSV_UPPER": [192, 255, 255], "Judge": "NG"}, {"type_name": "G", "HSV_LOWER": [35, 75, 80], "HSV_UPPER": [75, 255, 255], "Judge": "NG"}, {"type_name": "B", "HSV_LOWER": [91, 220, 204], "HSV_UPPER": [145, 255, 255], "Judge": "NG"}, {"type_name": "L255", "HSV_LOWER": [0, 0, 160], "HSV_UPPER": [255, 40, 255], "Judge": "OK"}]}