{"obj_gray_spec": [70, 200], "obj_occur_ratio": 0.75, "detect_roi": [[297, 1407], [900, 1302], [912, 882], [264, 939]], "obj_list": [{"obj_no": "15", "roi_pox": [[294, 1170], [627, 1146], [609, 930], [261, 951]], "area_spec": [10000, 100000], "width_spec": [0, 600], "height_spec": [0, 300]}, {"obj_no": "16", "roi_pox": [[612, 1140], [924, 1095], [897, 903], [576, 924]], "area_spec": [10000, 100000], "width_spec": [0, 600], "height_spec": [0, 300]}, {"obj_no": "19", "roi_pox": [[303, 1392], [612, 1335], [588, 1119], [273, 1152]], "area_spec": [10000, 100000], "width_spec": [0, 600], "height_spec": [0, 300]}, {"obj_no": "20", "roi_pox": [[579, 1326], [897, 1278], [885, 1074], [570, 1110]], "area_spec": [10000, 100000], "width_spec": [0, 600], "height_spec": [0, 300]}], "detect_list": [{"type_name": "L0", "HSV_LOWER": [100, 50, 40], "HSV_UPPER": [141, 210, 255], "Judge": "OK"}, {"type_name": "R", "HSV_LOWER": [162, 56, 35], "HSV_UPPER": [192, 255, 255], "Judge": "NG"}, {"type_name": "G", "HSV_LOWER": [35, 75, 80], "HSV_UPPER": [75, 255, 255], "Judge": "NG"}, {"type_name": "B", "HSV_LOWER": [91, 220, 204], "HSV_UPPER": [145, 255, 255], "Judge": "NG"}, {"type_name": "L255", "HSV_LOWER": [0, 0, 160], "HSV_UPPER": [255, 40, 255], "Judge": "OK"}]}