{"obj_gray_spec": [70, 200], "obj_occur_ratio": 0.75, "detect_roi": [[276, 1449], [840, 1353], [864, 942], [228, 1020]], "obj_list": [{"obj_no": "28", "roi_pox": [[561, 1380], [834, 1314], [816, 1140], [534, 1188]], "area_spec": [10000, 100000], "width_spec": [0, 600], "height_spec": [0, 300]}, {"obj_no": "27", "roi_pox": [[276, 1449], [582, 1383], [552, 1182], [249, 1242]], "area_spec": [10000, 100000], "width_spec": [0, 600], "height_spec": [0, 300]}, {"obj_no": "24", "roi_pox": [[561, 1197], [870, 1152], [843, 957], [540, 981]], "area_spec": [10000, 100000], "width_spec": [0, 600], "height_spec": [0, 300]}, {"obj_no": "23", "roi_pox": [[264, 1254], [609, 1194], [567, 987], [246, 1026]], "area_spec": [10000, 100000], "width_spec": [0, 600], "height_spec": [0, 300]}], "detect_list": [{"type_name": "L0", "HSV_LOWER": [100, 50, 40], "HSV_UPPER": [141, 210, 255], "Judge": "OK"}, {"type_name": "R", "HSV_LOWER": [162, 56, 35], "HSV_UPPER": [192, 255, 255], "Judge": "NG"}, {"type_name": "G", "HSV_LOWER": [35, 75, 80], "HSV_UPPER": [75, 255, 255], "Judge": "NG"}, {"type_name": "B", "HSV_LOWER": [91, 220, 204], "HSV_UPPER": [145, 255, 255], "Judge": "NG"}, {"type_name": "L255", "HSV_LOWER": [0, 0, 160], "HSV_UPPER": [255, 40, 255], "Judge": "OK"}]}