<?xml version="1.0" encoding="utf-8"?>
<PConfig xmlns:xsi="http://www.w3.org/2001/XMLSchema-instance" xmlns:xsd="http://www.w3.org/2001/XMLSchema">
  <ProductName>default</ProductName>
  <AiUnknownThreshold>90</AiUnknownThreshold>
  <AiModelPath />
  <AiLabelString />
  <AiDetailModelPath />
  <AiDetailLabelString />
  <UseDetailModel>false</UseDetailModel>
  <RegionSize>50</RegionSize>
  <DefectSize>50</DefectSize>
  <DefectRuleTable>
    <xs:schema id="NewDataSet" xmlns="" xmlns:xs="http://www.w3.org/2001/XMLSchema" xmlns:msdata="urn:schemas-microsoft-com:xml-msdata">
      <xs:element name="NewDataSet" msdata:IsDataSet="true" msdata:MainDataTable="RuleTable" msdata:UseCurrentLocale="true">
        <xs:complexType>
          <xs:choice minOccurs="0" maxOccurs="unbounded">
            <xs:element name="RuleTable">
              <xs:complexType>
              </xs:complexType>
            </xs:element>
          </xs:choice>
        </xs:complexType>
      </xs:element>
    </xs:schema>
    <diffgr:diffgram xmlns:msdata="urn:schemas-microsoft-com:xml-msdata" xmlns:diffgr="urn:schemas-microsoft-com:xml-diffgram-v1" />
  </DefectRuleTable>
</PConfig>