<?xml version="1.0" encoding="utf-8"?>
<SConfig xmlns:xsi="http://www.w3.org/2001/XMLSchema-instance" xmlns:xsd="http://www.w3.org/2001/XMLSchema">
  <SystemName>default</SystemName>
  <ExportFolderList>
    <MaterialListBoxItem>
      <Text>D:\kinsus_AOI\KinsusAutoAOI_ph2.2\KinsusAutoAOI\bin\Debug\AutoVRS</Text>
      <SecondaryText />
    </MaterialListBoxItem>
  </ExportFolderList>
  <ImportPath>\\JOHNNYTSAI\share\test\Import_folder</ImportPath>
  <MonitorFrequency>5</MonitorFrequency>
  <DelayAfterMonitor>5</DelayAfterMonitor>
  <RejudgeCenterIp>127.0.0.1</RejudgeCenterIp>
  <RejudgeCenterTimeout>100</RejudgeCenterTimeout>
  <AiOutputTimeout>180</AiOutputTimeout>
  <RejudgeCenterPort>9001</RejudgeCenterPort>
  <LocalWorkFolder>\\JOHNNYTSAI\share\test\Work_folder</LocalWorkFolder>
  <LocalSaveFolder>\\JOHNNYTSAI\share\test\AI_data</LocalSaveFolder>
  <BackupFolder>\\JOHNNYTSAI\share\test\Backup_folder</BackupFolder>
  <GrayShareFolder>D:\kinsus_AOI\KinsusAutoAOI_ph2.2\KinsusAutoAOI\bin\Debug\Share_folder</GrayShareFolder>
  <ColorMode>true</ColorMode>
  <YieldAnalysis>false</YieldAnalysis>
  <WorkPath>D:\kinsus_AOI\KinsusAutoAOI_ph2.2\KinsusAutoAOI\bin\Debug\py\</WorkPath>
  <WorkName>test</WorkName>
  <NowMonitorTime>0001-01-01T00:00:00</NowMonitorTime>
  <CatchRate>0.2</CatchRate>
</SConfig>