<?xml version="1.0"?>
<ImageProcessorConfig xmlns:xsd="http://www.w3.org/2001/XMLSchema" xmlns:xsi="http://www.w3.org/2001/XMLSchema-instance">
  <Update>0637679389783186696</Update>
  <Version>ImageProcessorConfig_20201208</Version>
  <Name>ImageProcessor</Name>
  <System>
    <Name>System</Name>
    <RecipePath>C:\Users\AOI\Desktop\Sepera_example\Recipe</RecipePath>
    <ImagePath>C:\Users\AOI\Desktop\Sepera_example\Image</ImagePath>
    <OutputPath>C:\Users\AOI\Desktop\Sepera_example\Output</OutputPath>
    <MilEnabled>true</MilEnabled>
    <CudaEnabled>false</CudaEnabled>
    <HalconEnabled>false</HalconEnabled>
    <AiEnabled>false</AiEnabled>
    <Mil>
      <SystemNumber>0</SystemNumber>
      <SystemDescriptor>SYSTEM_DEFAULT</SystemDescriptor>
    </Mil>
    <Ai />
  </System>
  <ImageList>
    <ImageSetting>
      <Name>Image0</Name>
      <Fixable>true</Fixable>
      <ImageWidth>8192</ImageWidth>
      <ImageHeight>480</ImageHeight>
      <ImageBit>8</ImageBit>
      <ImageChannel>1</ImageChannel>
      <ImageCount>1</ImageCount>
      <ImageDirection>VERTICAL</ImageDirection>
      <ExtraCount>3</ExtraCount>
    </ImageSetting>
  </ImageList>
  <RegisterList />
  <AlignList />
  <CalibrationList />
  <CaptureList>
    <CaptureSetting>
      <DebugMode>false</DebugMode>
      <Name>Capture0</Name>
      <Type>SCAN</Type>
      <IsContinueCapture>false</IsContinueCapture>
      <WaitTime>0</WaitTime>
      <DelayTime>0</DelayTime>
      <frameGrab>
        <Type>MATROX</Type>
        <Channel>1</Channel>
        <Bits>8</Bits>
        <Width>8192</Width>
        <Height>480</Height>
        <Count>1</Count>
        <Rotate>0</Rotate>
        <Parameters>
          <string>C:\Users\AOI\Desktop\Sepera_example\DCF1.dcf</string>
          <string>0</string>
          <string>-1</string>
          <string />
        </Parameters>
        <Remarks>
          <string>DCF路徑==DFC Path</string>
          <string>IP或是Digitizer Index=0;1;2;192.0.0.1=Digitizer IP / Digitizer Index</string>
          <string>逾時設定=0;10;100;1000=Timeout Setting, x &lt; 0 is mean wait infinite</string>
          <string>Bayer轉換設定=BAYER_BG;BAYER_GB;BAYER_GR;BAYER_RG=Bayer Setting</string>
        </Remarks>
      </frameGrab>
    </CaptureSetting>
  </CaptureList>
  <PreProcessList>
    <PreProcessSetting>
      <DebugMode>false</DebugMode>
      <Name>PreProcess0</Name>
      <Procedures>
        <ProcedureSetting>
          <WaitTime>0</WaitTime>
          <DelayTime>0</DelayTime>
          <Process>RUM_FILE_SAVE</Process>
          <FunctionEnable>-1</FunctionEnable>
          <Channel>-1</Channel>
          <Parameters>
            <string>SOURCE</string>
            <string>AUTO</string>
          </Parameters>
          <Remarks>
            <string>來源影像=SOURCE;PROCESS;COMPARE;EXTRA:#=Source Image</string>
            <string>保存路徑=AUTO;AnyString=Destination File Name</string>
          </Remarks>
        </ProcedureSetting>
      </Procedures>
      <Parameters />
      <Remarks />
    </PreProcessSetting>
  </PreProcessList>
  <PostProcessList>
    <PostProcessSetting>
      <DebugMode>false</DebugMode>
      <Name>PostProcess0</Name>
      <Type>NONE</Type>
      <IsWaitAll>false</IsWaitAll>
      <IsRaiseEach>true</IsRaiseEach>
      <Procedures />
      <Parameters />
      <Remarks />
    </PostProcessSetting>
  </PostProcessList>
  <OutputList>
    <OutputSetting>
      <DebugMode>false</DebugMode>
      <Name>Output0</Name>
      <Type>NONE</Type>
      <SaveScanImage>false</SaveScanImage>
      <SaveResultImage>false</SaveResultImage>
      <Parameters />
      <Remarks />
    </OutputSetting>
  </OutputList>
  <LinkList>
    <ProcessorLinkSetting>
      <Type>IMG_TO_CAP</Type>
      <FrontIndex>0</FrontIndex>
      <BackIndex>0</BackIndex>
    </ProcessorLinkSetting>
    <ProcessorLinkSetting>
      <Type>CAP_TO_PRE</Type>
      <FrontIndex>0</FrontIndex>
      <BackIndex>0</BackIndex>
    </ProcessorLinkSetting>
    <ProcessorLinkSetting>
      <Type>PRE_TO_POS</Type>
      <FrontIndex>0</FrontIndex>
      <BackIndex>0</BackIndex>
    </ProcessorLinkSetting>
    <ProcessorLinkSetting>
      <Type>POS_TO_OUT</Type>
      <FrontIndex>0</FrontIndex>
      <BackIndex>0</BackIndex>
    </ProcessorLinkSetting>
  </LinkList>
</ImageProcessorConfig>