{"obj_gray_spec": [7, 255], "obj_occur_ratio": 0.3, "detect_roi": [[15, 1818], [1047, 1887], [1062, 177], [6, 255]], "obj_list": [{"obj_no": "1", "roi_pox": [[30, 513], [1047, 438], [1050, 216], [30, 297]], "area_spec": [60000, 200000], "width_spec": [700, 1080], "height_spec": [100, 300]}, {"obj_no": "2", "roi_pox": [[21, 750], [1047, 726], [1050, 495], [36, 546]], "area_spec": [60000, 200000], "width_spec": [700, 1080], "height_spec": [100, 300]}, {"obj_no": "3", "roi_pox": [[24, 969], [1041, 981], [1050, 777], [15, 777]], "area_spec": [60000, 200000], "width_spec": [700, 1080], "height_spec": [100, 300]}, {"obj_no": "4", "roi_pox": [[27, 1179], [990, 1212], [1029, 1035], [21, 1017]], "area_spec": [60000, 200000], "width_spec": [700, 1080], "height_spec": [80, 300]}, {"obj_no": "5", "roi_pox": [[30, 1425], [963, 1482], [1008, 1260], [27, 1215]], "area_spec": [60000, 200000], "width_spec": [700, 1080], "height_spec": [100, 300]}, {"obj_no": "6", "roi_pox": [[54, 1650], [945, 1713], [996, 1512], [36, 1443]], "area_spec": [60000, 200000], "width_spec": [700, 1080], "height_spec": [100, 300]}, {"obj_no": "7", "roi_pox": [[60, 1821], [942, 1884], [960, 1737], [69, 1677]], "area_spec": [80000, 200000], "width_spec": [700, 1080], "height_spec": [100, 300]}], "detect_list": [{"type_name": "R", "golden_pattern": "D:/Aging/Output/20240520/162714_3MNGM01_AGS21-2_A_/1/IMG_003.jpeg", "HSV_LOWER": [169, 112, 172], "HSV_UPPER": [285, 255, 255], "Judge": "OK"}, {"type_name": "G", "golden_pattern": "D:/Aging/Output/20240520/162714_3MNGM01_AGS21-2_A_/1/IMG_006.jpeg", "HSV_LOWER": [30, 203, 170], "HSV_UPPER": [98, 255, 255], "Judge": "OK"}, {"type_name": "B", "golden_pattern": "D:/Aging/Output/20240520/162714_3MNGM01_AGS21-2_A_/1/IMG_010.jpeg", "HSV_LOWER": [97, 214, 196], "HSV_UPPER": [160, 255, 255], "Judge": "OK"}, {"type_name": "L255", "golden_pattern": "D:/Aging/Output/20240520/162714_3MNGM01_AGS21-2_A_/1/IMG_014.jpeg", "HSV_LOWER": [0, 0, 177], "HSV_UPPER": [320, 92, 255], "Judge": "OK"}]}