{"status":"INSPECT_SPEC","detail":{"SpecName":"TestSpec","Diameter_Min":299.0,"Diameter_Max":301.0,"Edge_A1_Min":415.0,"Edge_A1_Max":425.0,"Edge_A2_Min":400.0,"Edge_A2_Max":420.0,"Edge_B1_Min":170.0,"Edge_B1_Max":180.0,"Edge_B2_Min":170.0,"Edge_B2_Max":180.0,"Edge_R1_Min":150.0,"Edge_R1_Max":160.0,"Edge_R2_Min":120.0,"Edge_R2_Max":150.0,"Edge_t_Min":840.0,"Edge_t_Max":880.0,"Edge_Ang1_Min":18.0,"Edge_Ang1_Max":23.5,"Edge_Ang2_Min":18.0,"Edge_Ang2_Max":23.5,"Edge_BC_Min":480.0,"Edge_BC_Max":520.0,"Edge_C1_Min":110.0,"Edge_C1_Max":120.0,"Edge_C2_Min":90.0,"Edge_C2_Max":110.0,"Edge_A1_P_Min":20.0,"Edge_A1_P_Max":25.0,"Edge_A2_P_Min":20.0,"Edge_A2_P_Max":30.0,"Edge_B1_P_Min":10.0,"Edge_B1_P_Max":12.0,"Edge_B2_P_Min":10.0,"Edge_B2_P_Max":12.0,"Edge_R1_P_Min":10.0,"Edge_R1_P_Max":15.0,"Edge_R2_P_Min":10.0,"Edge_R2_P_Max":15.0,"Edge_t_P_Min":3.0,"Edge_t_P_Max":4.0,"Edge_Ang1_P_Min":0.5,"Edge_Ang1_P_Max":0.9,"Edge_Ang2_P_Min":0.5,"Edge_Ang2_P_Max":0.9,"Edge_BC_P_Min":12.0,"Edge_BC_P_Max":15.0,"Edge_C1_P_Min":10.0,"Edge_C1_P_Max":15.0,"Edge_C2_P_Min":8.0,"Edge_C2_P_Max":15.0,"Notch_Vh_Min":1.0,"Notch_Vh_Max":2.0,"Notch_Vw_Min":3.0,"Notch_Vw_Max":4.0,"Notch_Vr_Min":1.0,"Notch_Vr_Max":1.2,"Notch_AngV_Min":89.0,"Notch_AngV_Max":92.0,"Notch_P1_Min":2.0,"Notch_P1_Max":2.3,"Notch_P2_Min":3.0,"Notch_P2_Max":3.2,"Notch_VR1_Min":1.0,"Notch_VR1_Max":1.5,"Notch_VR2_Min":1.0,"Notch_VR2_Max":1.5}}