<?xml version="1.0"?>
<CAlgorithmConfig xmlns:xsd="http://www.w3.org/2001/XMLSchema" xmlns:xsi="http://www.w3.org/2001/XMLSchema-instance">
  <LineScanHeight>120000</LineScanHeight>
  <LineScanWidth>2048</LineScanWidth>
  <LineScanSlice>12</LineScanSlice>
  <LineScanPixelSize>7.04</LineScanPixelSize>
  <SidePixelSize>3.45</SidePixelSize>
  <NotchMeasurePixSize>6.9</NotchMeasurePixSize>
  <UnGrindingModelPath>D:\\Johnny\\Salmon\\ShapeModel\\UnGrindingModel_0419.shm</UnGrindingModelPath>
  <GrindingModelPath>D:\\Johnny\\Salmon\\ShapeModel\\GrindingModel_Ltype_0502.shm</GrindingModelPath>
  <GrindingMinScore>0.7</GrindingMinScore>
  <GrindingRotate>90</GrindingRotate>
  <GrindingOpenClose>20</GrindingOpenClose>
  <NotchModelPath>D:\\Johnny\\Salmon\\ShapeModel\\LinecSanNotchModel_0422.shm</NotchModelPath>
  <CropNotchWidth>700</CropNotchWidth>
  <InsideInspectWidth>5</InsideInspectWidth>
  <CropSize>760</CropSize>
  <AlignMinScore>0.4</AlignMinScore>
  <AreaTotalNum>72</AreaTotalNum>
  <CatchNum>72</CatchNum>
  <NotchShiftDegreeAngle>3</NotchShiftDegreeAngle>
  <Direction>L</Direction>
  <Sigma>0.4</Sigma>
  <Amplitude>1</Amplitude>
  <MeasurePosLength>400</MeasurePosLength>
  <MeasurePosWidth>3</MeasurePosWidth>
  <MeasureGap>5</MeasureGap>
  <NotchWidth>520</NotchWidth>
  <Alpha>0.0006</Alpha>
  <Beta>299.3259</Beta>
  <DefectInspectWidth>5.5</DefectInspectWidth>
  <AIDrawStartX>370</AIDrawStartX>
  <DisplayDilation>5</DisplayDilation>
  <PaintResult>true</PaintResult>
  <OnlyDetectEdge>true</OnlyDetectEdge>
  <AIDefectSize>5</AIDefectSize>
  <AIMinGray>-1</AIMinGray>
  <InnerDefectAreaSizeT>20</InnerDefectAreaSizeT>
  <ROIWidthtoBevelCenterT>93</ROIWidthtoBevelCenterT>
  <BevelWidthT>40</BevelWidthT>
  <InnerThresholdMaxT>230</InnerThresholdMaxT>
  <InnerDefectMaxGrayT>75</InnerDefectMaxGrayT>
  <InnerDefectAreaSizeB>20</InnerDefectAreaSizeB>
  <ROIWidthtoBevelCenterB>93</ROIWidthtoBevelCenterB>
  <BevelWidthB>40</BevelWidthB>
  <InnerThresholdMaxB>230</InnerThresholdMaxB>
  <InnerDefectMaxGrayB>65</InnerDefectMaxGrayB>
  <EdgeRegionRate>0.1</EdgeRegionRate>
  <EdgeRotateAngle>90</EdgeRotateAngle>
  <EdgeGrayMax>-1</EdgeGrayMax>
  <EdgeRoiY1>227.161</EdgeRoiY1>
  <EdgeRoiX1>221.418</EdgeRoiX1>
  <EdgeRoiY2>1174</EdgeRoiY2>
  <EdgeRoiX2>1179</EdgeRoiX2>
  <A1Ang>-73.36</A1Ang>
  <A2Ang>73.18</A2Ang>
  <C1Ang>-20</C1Ang>
  <C2Ang>20</C2Ang>
  <Bu11>0.1</Bu11>
  <Bv11>0.29</Bv11>
  <Bu22>0.1</Bu22>
  <Bv22>0.27</Bv22>
  <ExAngle>5</ExAngle>
  <ScaleW>1</ScaleW>
  <ScaleH>1</ScaleH>
  <BevelMeasureNum>4</BevelMeasureNum>
  <NotchMeasureCheckRate>0.1</NotchMeasureCheckRate>
  <NotchMeasureRotate>180</NotchMeasureRotate>
  <NotchAreaModelPath>D:\\Johnny\\Salmon\\ShapeModel\\AreaNotchModel_0422.shm</NotchAreaModelPath>
  <NotchMatchMinScore>0.3</NotchMatchMinScore>
  <NotchMeasureResizeRate>0</NotchMeasureResizeRate>
  <NotchGrayMin>-1</NotchGrayMin>
  <B1Ang>21</B1Ang>
  <B2Ang>-21</B2Ang>
  <U1>0.3</U1>
  <U2>0.7</U2>
  <RWidthLeft>600</RWidthLeft>
  <RWidthRight>600</RWidthRight>
  <PinR>1.5</PinR>
  <VRAng>10</VRAng>
  <NotchInspectCheckRate>0.1</NotchInspectCheckRate>
  <BackWhiteMinGray>225</BackWhiteMinGray>
  <NotchInspectDisplayDilation>5</NotchInspectDisplayDilation>
  <NotchInnerDefectMaxGray>63</NotchInnerDefectMaxGray>
  <NotchVmRowUp>148</NotchVmRowUp>
  <NotchVmRowDown>546</NotchVmRowDown>
  <NotchBlackWidth>71</NotchBlackWidth>
  <InnerDefectMinWidth>3</InnerDefectMinWidth>
  <OutDefectMinWidth>3</OutDefectMinWidth>
</CAlgorithmConfig>