﻿<?xml version="1.0" encoding="utf-8"?>
<UIText xmlns:xsi="http://www.w3.org/2001/XMLSchema-instance" xmlns:xsd="http://www.w3.org/2001/XMLSchema">
  <NAME>CHT</NAME>
  <ButtonUnknown>UNKNOWN</ButtonUnknown>
  <ButtonCanRepair>Repairable</ButtonCanRepair>
  <ButtonNoRepair>Non Repairable</ButtonNoRepair>
  <ButtonNextPage>Next Page</ButtonNextPage>
  <ButtonPrePage>Previous Page</ButtonPrePage>
  <ButtonFinish>FINISH</ButtonFinish>
  <CheckBoxAllCatalog>Display all catalog buttons</CheckBoxAllCatalog>
</UIText>