<?xml version="1.0"?>
<ImageProcessorConfig xmlns:xsd="http://www.w3.org/2001/XMLSchema" xmlns:xsi="http://www.w3.org/2001/XMLSchema-instance">
  <Update>0638079044770336466</Update>
  <Version>ImageProcessorConfig_20201208</Version>
  <Name>ImageProcessor</Name>
  <System>
    <Name>System</Name>
    <RecipePath>D:\GPIP\Sepera_example\Recipe</RecipePath>
    <ImagePath>D:\GPIP\Sepera_example\Image</ImagePath>
    <OutputPath>D:\GPIP\Sepera_example\Output</OutputPath>
    <MilEnabled>true</MilEnabled>
    <CudaEnabled>false</CudaEnabled>
    <HalconEnabled>false</HalconEnabled>
    <AiEnabled>false</AiEnabled>
    <Mil>
      <SystemNumber>0</SystemNumber>
      <SystemDescriptor>SYSTEM_DEFAULT</SystemDescriptor>
    </Mil>
    <Ai />
  </System>
  <ImageList>
    <ImageSetting>
      <Name>Image0</Name>
      <Fixable>true</Fixable>
      <ImageWidth>1280</ImageWidth>
      <ImageHeight>1024</ImageHeight>
      <ImageBit>8</ImageBit>
      <ImageChannel>1</ImageChannel>
      <ImageCount>1</ImageCount>
      <ImageDirection>VERTICAL</ImageDirection>
      <ExtraCount>3</ExtraCount>
    </ImageSetting>
  </ImageList>
  <RegisterList />
  <AlignList />
  <CalibrationList />
  <CaptureList>
    <CaptureSetting>
      <DebugMode>false</DebugMode>
      <Name>Capture0</Name>
      <Type>SCAN</Type>
      <IsContinueCapture>false</IsContinueCapture>
      <WaitTime>0</WaitTime>
      <DelayTime>0</DelayTime>
      <frameGrab>
        <Type>SEPERA</Type>
        <Channel>1</Channel>
        <Bits>8</Bits>
        <Width>1280</Width>
        <Height>1024</Height>
        <Count>1</Count>
        <Rotate>0</Rotate>
        <Parameters>
          <string>1</string>
          <string>-1</string>
          <string>1000</string>
          <string>UserDefined:1</string>
        </Parameters>
        <Remarks>
          <string>server index=True;False=server index</string>
          <string>resource index=BMP;PNG=resource index</string>
          <string>timeout==timeout</string>
          <string>acquisition==acquisition</string>
        </Remarks>
      </frameGrab>
    </CaptureSetting>
  </CaptureList>
  <PreProcessList>
    <PreProcessSetting>
      <DebugMode>false</DebugMode>
      <Name>PreProcess0</Name>
      <Procedures>
        <ProcedureSetting>
          <WaitTime>0</WaitTime>
          <DelayTime>0</DelayTime>
          <Process>RUM_FILE_SAVE</Process>
          <FunctionEnable>-1</FunctionEnable>
          <Channel>-1</Channel>
          <Parameters>
            <string>SOURCE</string>
            <string>AUTO</string>
          </Parameters>
          <Remarks>
            <string>來源影像=SOURCE;PROCESS;COMPARE;EXTRA:#=Source Image</string>
            <string>保存路徑=AUTO;AnyString=Destination File Name</string>
          </Remarks>
        </ProcedureSetting>
      </Procedures>
      <Parameters />
      <Remarks />
    </PreProcessSetting>
  </PreProcessList>
  <PostProcessList>
    <PostProcessSetting>
      <DebugMode>false</DebugMode>
      <Name>PostProcess0</Name>
      <Type>NONE</Type>
      <IsWaitAll>false</IsWaitAll>
      <IsRaiseEach>true</IsRaiseEach>
      <Procedures />
      <Parameters />
      <Remarks />
    </PostProcessSetting>
  </PostProcessList>
  <OutputList>
    <OutputSetting>
      <DebugMode>false</DebugMode>
      <Name>Output0</Name>
      <Type>TEXT_WRITER</Type>
      <SaveScanImage>false</SaveScanImage>
      <SaveResultImage>true</SaveResultImage>
      <Parameters>
        <string>ScanRatio=100</string>
      </Parameters>
      <Remarks>
        <string>儲存全圖比例=100=Scan Image Saving Ratio</string>
      </Remarks>
    </OutputSetting>
  </OutputList>
  <LinkList>
    <ProcessorLinkSetting>
      <Type>IMG_TO_CAP</Type>
      <FrontIndex>0</FrontIndex>
      <BackIndex>0</BackIndex>
    </ProcessorLinkSetting>
    <ProcessorLinkSetting>
      <Type>CAP_TO_PRE</Type>
      <FrontIndex>0</FrontIndex>
      <BackIndex>0</BackIndex>
    </ProcessorLinkSetting>
    <ProcessorLinkSetting>
      <Type>PRE_TO_POS</Type>
      <FrontIndex>0</FrontIndex>
      <BackIndex>0</BackIndex>
    </ProcessorLinkSetting>
    <ProcessorLinkSetting>
      <Type>POS_TO_OUT</Type>
      <FrontIndex>0</FrontIndex>
      <BackIndex>0</BackIndex>
    </ProcessorLinkSetting>
  </LinkList>
</ImageProcessorConfig>