<?xml version="1.0" encoding="utf-8"?>
<PConfig xmlns:xsi="http://www.w3.org/2001/XMLSchema-instance" xmlns:xsd="http://www.w3.org/2001/XMLSchema">
  <ProductName>gray</ProductName>
  <AiUnknownThreshold>95</AiUnknownThreshold>
  <AiModelPath>D:\kinsus_AOI\KinsusAutoAOI_ph2.2\KinsusAutoAOI\bin\Debug\py\AoiGrayModel_ver2_3.onnx</AiModelPath>
  <DefectCodeTable>
    <ArrayOfString>
      <string>REPAIRABLE</string>
      <string>RS99</string>
    </ArrayOfString>
    <ArrayOfString>
      <string>NONREPAIR</string>
      <string>RS00</string>
    </ArrayOfString>
    <ArrayOfString>
      <string>NG</string>
      <string>NG</string>
    </ArrayOfString>
    <ArrayOfString>
      <string>PASS</string>
      <string>PASS</string>
    </ArrayOfString>
    <ArrayOfString>
      <string>UNIDENTIFIED</string>
      <string>UNIDENTIFIED</string>
    </ArrayOfString>
    <ArrayOfString>
      <string>UNKNOWN</string>
      <string>NONE</string>
    </ArrayOfString>
  </DefectCodeTable>
  <AreaCheckTable>
    <ArrayOfString>
      <string>NG</string>
      <string>False</string>
    </ArrayOfString>
    <ArrayOfString>
      <string>NONREPAIR</string>
      <string>True</string>
    </ArrayOfString>
    <ArrayOfString>
      <string>PASS</string>
      <string>False</string>
    </ArrayOfString>
    <ArrayOfString>
      <string>REPAIRABLE</string>
      <string>True</string>
    </ArrayOfString>
    <ArrayOfString>
      <string>UNIDENTIFIED</string>
      <string>False</string>
    </ArrayOfString>
    <ArrayOfString>
      <string>UNKNOWN</string>
      <string>False</string>
    </ArrayOfString>
  </AreaCheckTable>
  <DetailDefectCodeTable />
  <AiLabelString>NG,NONREPAIR,PASS,REPAIRABLE,UNIDENTIFIED,UNKNOWN</AiLabelString>
  <AiDetailModelPath />
  <AiDetailLabelString />
  <UseDetailModel>false</UseDetailModel>
  <RegionSize>30</RegionSize>
  <DefectSize>600</DefectSize>
  <BypassStringList />
  <DefectRuleTable>
    <xs:schema id="NewDataSet" xmlns="" xmlns:xs="http://www.w3.org/2001/XMLSchema" xmlns:msdata="urn:schemas-microsoft-com:xml-msdata">
      <xs:element name="NewDataSet" msdata:IsDataSet="true" msdata:MainDataTable="RuleTable" msdata:UseCurrentLocale="true">
        <xs:complexType>
          <xs:choice minOccurs="0" maxOccurs="unbounded">
            <xs:element name="RuleTable">
              <xs:complexType>
                <xs:sequence>
                  <xs:element name="Type" type="xs:string" minOccurs="0" />
                  <xs:element name="Judge" type="xs:string" minOccurs="0" />
                  <xs:element name="AOI_Defect" type="xs:string" minOccurs="0" />
                  <xs:element name="AI_Result" type="xs:string" minOccurs="0" />
                  <xs:element name="NewResult" type="xs:string" minOccurs="0" />
                </xs:sequence>
              </xs:complexType>
            </xs:element>
          </xs:choice>
        </xs:complexType>
      </xs:element>
    </xs:schema>
    <diffgr:diffgram xmlns:msdata="urn:schemas-microsoft-com:xml-msdata" xmlns:diffgr="urn:schemas-microsoft-com:xml-diffgram-v1">
      <DocumentElement>
        <RuleTable diffgr:id="RuleTable1" msdata:rowOrder="0" diffgr:hasChanges="inserted">
          <Type>Retype</Type>
          <Judge>Equal</Judge>
          <AOI_Defect>LaserDrill</AOI_Defect>
          <AI_Result>&lt;&lt;AnyResult&gt;&gt;</AI_Result>
          <NewResult>NONE</NewResult>
        </RuleTable>
        <RuleTable diffgr:id="RuleTable2" msdata:rowOrder="1" diffgr:hasChanges="inserted">
          <Type>Retype</Type>
          <Judge>Equal</Judge>
          <AOI_Defect>PinHole</AOI_Defect>
          <AI_Result>&lt;&lt;AnyResult&gt;&gt;</AI_Result>
          <NewResult>NONE</NewResult>
        </RuleTable>
        <RuleTable diffgr:id="RuleTable3" msdata:rowOrder="2" diffgr:hasChanges="inserted">
          <Type>Retype</Type>
          <Judge>Equal</Judge>
          <AOI_Defect>Nick</AOI_Defect>
          <AI_Result>&lt;&lt;AnyResult&gt;&gt;</AI_Result>
          <NewResult>NONE</NewResult>
        </RuleTable>
        <RuleTable diffgr:id="RuleTable4" msdata:rowOrder="3" diffgr:hasChanges="inserted">
          <Type>Retype</Type>
          <Judge>Equal</Judge>
          <AOI_Defect>Line</AOI_Defect>
          <AI_Result>&lt;&lt;AnyResult&gt;&gt;</AI_Result>
          <NewResult>NONE</NewResult>
        </RuleTable>
        <RuleTable diffgr:id="RuleTable5" msdata:rowOrder="4" diffgr:hasChanges="inserted">
          <Type>Retype</Type>
          <Judge>Equal</Judge>
          <AOI_Defect>Drill</AOI_Defect>
          <AI_Result>&lt;&lt;AnyResult&gt;&gt;</AI_Result>
          <NewResult>NONE</NewResult>
        </RuleTable>
        <RuleTable diffgr:id="RuleTable6" msdata:rowOrder="5" diffgr:hasChanges="inserted">
          <Type>Retype</Type>
          <Judge>Equal</Judge>
          <AOI_Defect>Open</AOI_Defect>
          <AI_Result>&lt;&lt;AnyResult&gt;&gt;</AI_Result>
          <NewResult>NONE</NewResult>
        </RuleTable>
      </DocumentElement>
    </diffgr:diffgram>
  </DefectRuleTable>
</PConfig>