<?xml version="1.0" encoding="utf-8"?>
<SConfig xmlns:xsi="http://www.w3.org/2001/XMLSchema-instance" xmlns:xsd="http://www.w3.org/2001/XMLSchema">
  <SystemName>default</SystemName>
  <ExportFolderList>
    <MaterialListBoxItem>
      <Text>123</Text>
      <SecondaryText />
    </MaterialListBoxItem>
  </ExportFolderList>
  <ImportPath>.\Import_folder</ImportPath>
  <MonitorFrequency>5</MonitorFrequency>
  <DelayAfterMonitor>5</DelayAfterMonitor>
  <RejudgeCenterIp>127.0.0.2</RejudgeCenterIp>
  <RejudgeCenterTimeout>50</RejudgeCenterTimeout>
  <RejudgeCenterPort>9001</RejudgeCenterPort>
  <LocalWorkFolder>D:\kinsus_AOI\KinsusAutoAOI_ph2.1\KinsusAutoAOI\bin\Debug\Work_images</LocalWorkFolder>
  <LocalSaveFolder>.\Save_images</LocalSaveFolder>
  <BackupFolder>.\backup</BackupFolder>
  <GrayShareFolder>D:\kinsus_AOI\KinsusAutoAOI_ph2.1\KinsusAutoAOI\bin\Debug\Share_folder</GrayShareFolder>
  <Mode>true</Mode>
  <WorkPath>D:\kinsus_AOI\KinsusAutoAOI_ph2.1\KinsusAutoAOI\bin\Debug\py\</WorkPath>
  <WorkName>test</WorkName>
  <NowMonitorTime>0001-01-01T00:00:00</NowMonitorTime>
  <BackupWorkList />
  <CatchRate>0.2</CatchRate>
</SConfig>