{
    "imageType": {
        "para":
        [
        ["jpg"]
        ]
    },
    "imageSize": {
        "para":
        [
        [574, 574]
        ]
    },
    "fileSize": {
        "para":
        [
        [970, 972]
        ]
    },
    "imageDpi": {
        "para":
        [
        [72, 72]
        ]
    },
    "imageCompression": {
        "para":
        [
        [1]
        ]
    },
    "imageResolutionUnit": {
        "para":
        [
        [2]
        ]
    },
    "colorPolicy": {
        "para": {
        "brightnessValue": [
            [130, 188]
        ],
        "diffOfRGAvgToBValue": [
            [19, 44]
        ],
        "diffOfRToGValue": [
            [3, 19]
        ],
        "diffOfRToBValue": [
            [21, 53]
        ],
        "diffOfGToBValue": [
            [15, 37]
        ]}
    }
}