<?xml version="1.0" encoding="utf-8"?>
<PConfig xmlns:xsi="http://www.w3.org/2001/XMLSchema-instance" xmlns:xsd="http://www.w3.org/2001/XMLSchema">
  <ProductName>default</ProductName>
  <AiUnknownThreshold>90</AiUnknownThreshold>
  <AiModelPath>./AoiGrayModel_ver1_3.onnx</AiModelPath>
  <RegionSize>50</RegionSize>
  <DefectSize>50</DefectSize>
  <Ng1_DefectCode>CP00</Ng1_DefectCode>
  <Ng2_DefectCode>CP08</Ng2_DefectCode>
  <Ng3_DefectCode>DR02</Ng3_DefectCode>
  <Ng4_DefectCode>CP03</Ng4_DefectCode>
  <Pass_DefectCode>PASS</Pass_DefectCode>
  <Repairable_DefectCode>IT00</Repairable_DefectCode>
  <Nonrepair_DefectCode>IT99</Nonrepair_DefectCode>
  <Unknown_DefectCode>NONE</Unknown_DefectCode>
  <DefectCodeTable>
    <xs:schema id="NewDataSet" xmlns="" xmlns:xs="http://www.w3.org/2001/XMLSchema" xmlns:msdata="urn:schemas-microsoft-com:xml-msdata">
      <xs:element name="NewDataSet" msdata:IsDataSet="true" msdata:MainDataTable="CodeTable" msdata:UseCurrentLocale="true">
        <xs:complexType>
          <xs:choice minOccurs="0" maxOccurs="unbounded">
            <xs:element name="CodeTable">
              <xs:complexType>
              </xs:complexType>
            </xs:element>
          </xs:choice>
        </xs:complexType>
      </xs:element>
    </xs:schema>
    <diffgr:diffgram xmlns:msdata="urn:schemas-microsoft-com:xml-msdata" xmlns:diffgr="urn:schemas-microsoft-com:xml-diffgram-v1" />
  </DefectCodeTable>
</PConfig>