<?xml version="1.0"?>
<CProductRecipe xmlns:xsd="http://www.w3.org/2001/XMLSchema" xmlns:xsi="http://www.w3.org/2001/XMLSchema-instance">
  <ModelName>Default</ModelName>
  <LightValue_1_CH1_Diameter_Top>280</LightValue_1_CH1_Diameter_Top>
  <LightValue_1_CH2_Diameter_Btm>240</LightValue_1_CH2_Diameter_Btm>
  <LightValue_2_CH1_DefectSide>90</LightValue_2_CH1_DefectSide>
  <LightValue_2_CH2_NotchAndEdge>200</LightValue_2_CH2_NotchAndEdge>
  <InspectSpecName>TestSpec</InspectSpecName>
</CProductRecipe>