{"obj_gray_spec": [87, 255], "obj_occur_ratio": 0.3, "detect_roi": [[9, 1833], [1071, 1860], [1074, 507], [15, 507]], "obj_list": [{"obj_no": "1", "roi_pox": [[30, 690], [534, 705], [549, 546], [84, 546]], "area_spec": [20000, 45000], "width_spec": [300, 500], "height_spec": [70, 140]}, {"obj_no": "2", "roi_pox": [[549, 678], [1047, 675], [1026, 516], [549, 543]], "area_spec": [20000, 450000], "width_spec": [300, 600], "height_spec": [70, 150]}, {"obj_no": "3", "roi_pox": [[24, 1236], [537, 1254], [540, 1071], [102, 1053]], "area_spec": [35000, 60000], "width_spec": [250, 550], "height_spec": [75, 160]}, {"obj_no": "4", "roi_pox": [[519, 1272], [1050, 1275], [1008, 1074], [540, 1065]], "area_spec": [35000, 60000], "width_spec": [300, 600], "height_spec": [80, 160]}, {"obj_no": "5", "roi_pox": [[24, 1824], [540, 1839], [546, 1593], [90, 1584]], "area_spec": [40000, 65000], "width_spec": [200, 700], "height_spec": [100, 180]}, {"obj_no": "6", "roi_pox": [[531, 1860], [1041, 1872], [996, 1599], [540, 1593]], "area_spec": [45000, 75000], "width_spec": [300, 600], "height_spec": [130, 200]}], "detect_list": [{"type_name": "L255", "golden_pattern": "D:/Aging_AOI/dataset/Exposition/capB_NG/IMG_007.jpeg", "HSV_LOWER": [0, 0, 90], "HSV_UPPER": [320, 144, 255], "Judge": "OK"}]}