{"obj_gray_spec": [87, 255], "obj_occur_ratio": 0.3, "detect_roi": [[9, 1833], [1071, 1860], [1074, 507], [15, 507]], "obj_list": [{"obj_no": "1", "roi_pox": [[24, 705], [510, 705], [513, 525], [63, 510]], "area_spec": [20000, 45000], "width_spec": [300, 500], "height_spec": [70, 140]}, {"obj_no": "2", "roi_pox": [[549, 678], [1047, 675], [1026, 516], [549, 543]], "area_spec": [20000, 450000], "width_spec": [300, 600], "height_spec": [70, 150]}, {"obj_no": "3", "roi_pox": [[9, 1251], [510, 1257], [510, 1056], [78, 1044]], "area_spec": [35000, 60000], "width_spec": [250, 550], "height_spec": [75, 160]}, {"obj_no": "4", "roi_pox": [[498, 1263], [1029, 1269], [981, 1041], [516, 1053]], "area_spec": [35000, 60000], "width_spec": [300, 600], "height_spec": [80, 160]}, {"obj_no": "5", "roi_pox": [[12, 1827], [504, 1827], [510, 1581], [75, 1566]], "area_spec": [40000, 65000], "width_spec": [200, 700], "height_spec": [100, 180]}, {"obj_no": "6", "roi_pox": [[504, 1818], [1047, 1830], [984, 1590], [516, 1581]], "area_spec": [45000, 75000], "width_spec": [300, 600], "height_spec": [130, 200]}], "detect_list": [{"type_name": "L255", "golden_pattern": "D:/Aging_AOI/dataset/Exposition/1022/IMG_034/IMG_006.jpeg", "HSV_LOWER": [0, 0, 149], "HSV_UPPER": [320, 144, 255], "Judge": "OK"}]}