<?xml version="1.0"?>
<CAlgorithmConfig xmlns:xsd="http://www.w3.org/2001/XMLSchema" xmlns:xsi="http://www.w3.org/2001/XMLSchema-instance">
  <LineScanHeight>120000</LineScanHeight>
  <LineScanWidth>2048</LineScanWidth>
  <LineScanSlice>12</LineScanSlice>
  <LineScanPixelSize>7.04</LineScanPixelSize>
  <SidePixelSize>3.45</SidePixelSize>
  <NotchMeasurePixSize>6.9</NotchMeasurePixSize>
  <NotchModelPath>C:\\AOI_System\\AppWaferInspect\\RecipePack\\Default\\LineScanNotchModel_0411.shm</NotchModelPath>
  <CropNotchWidth>700</CropNotchWidth>
  <InsideInspectWidth>5</InsideInspectWidth>
  <CropSize>760</CropSize>
  <AlignMinScore>0.3</AlignMinScore>
  <AreaTotalNum>72</AreaTotalNum>
  <CatchNum>72</CatchNum>
  <NotchShiftDegreeAngle>3</NotchShiftDegreeAngle>
  <Direction>L</Direction>
  <Sigma>0.4</Sigma>
  <Amplitude>1</Amplitude>
  <MeasurePosLength>400</MeasurePosLength>
  <MeasurePosWidth>3</MeasurePosWidth>
  <MeasureGap>5</MeasureGap>
  <NotchWidth>520</NotchWidth>
  <Alpha>1</Alpha>
  <Beta>0</Beta>
  <DefectInspectWidth>5.5</DefectInspectWidth>
  <AIDrawStartX>370</AIDrawStartX>
  <ROIWidthtoBevelCenter>87</ROIWidthtoBevelCenter>
  <BevelWidth>29</BevelWidth>
  <DisplayDilation>5</DisplayDilation>
  <PaintResult>true</PaintResult>
  <InnerThresholdMax>160</InnerThresholdMax>
  <AIDefectSize>5</AIDefectSize>
  <AIMinGray>-1</AIMinGray>
  <InnerDefectAreaSize>30</InnerDefectAreaSize>
  <InnerDefectMaxGray>100</InnerDefectMaxGray>
  <EdgeRegionRate>0.2</EdgeRegionRate>
  <EdgeRotateAngle>90</EdgeRotateAngle>
  <EdgeGrayMax>-1</EdgeGrayMax>
  <EdgeRoiY1>227.161</EdgeRoiY1>
  <EdgeRoiX1>221.418</EdgeRoiX1>
  <EdgeRoiY2>1174</EdgeRoiY2>
  <EdgeRoiX2>1179</EdgeRoiX2>
  <A1Ang>-76</A1Ang>
  <A2Ang>76</A2Ang>
  <C1Ang>-20</C1Ang>
  <C2Ang>20</C2Ang>
  <Bu11>0.1</Bu11>
  <Bv11>0.2</Bv11>
  <Bu22>0.1</Bu22>
  <Bv22>0.2</Bv22>
  <ExAngle>5</ExAngle>
  <ScaleW>1</ScaleW>
  <ScaleH>1</ScaleH>
  <BevelMeasureNum>4</BevelMeasureNum>
  <NotchMeasureCheckRate>0.2</NotchMeasureCheckRate>
  <NotchMeasureRotate>180</NotchMeasureRotate>
  <NotchAreaModelPath>C:\\AOI_System\\AppWaferInspect\\RecipePack\\Default\\AreaNotchModel_0411.shm</NotchAreaModelPath>
  <NotchMatchMinScore>0.3</NotchMatchMinScore>
  <NotchMeasureResizeRate>0</NotchMeasureResizeRate>
  <NotchGrayMin>-1</NotchGrayMin>
  <B1Ang>21</B1Ang>
  <B2Ang>-21</B2Ang>
  <U1>0.3</U1>
  <U2>0.7</U2>
  <RWidthLeft>600</RWidthLeft>
  <RWidthRight>600</RWidthRight>
  <PinR>1.5</PinR>
  <VRAng>10</VRAng>
  <NotchInspectCheckRate>0.1</NotchInspectCheckRate>
  <BackWhiteMinGray>223</BackWhiteMinGray>
  <NotchInspectDisplayDilation>5</NotchInspectDisplayDilation>
  <NotchInnerDefectMaxGray>79</NotchInnerDefectMaxGray>
  <NotchVmRowUp>148</NotchVmRowUp>
  <NotchVmRowDown>546</NotchVmRowDown>
  <NotchBlackWidth>71</NotchBlackWidth>
  <InnerDefectMinWidth>3</InnerDefectMinWidth>
  <OutDefectMinWidth>3</OutDefectMinWidth>
</CAlgorithmConfig>